P001,Callum Lynn,(494)764-8882,544-886 Gravida Ave,mus.Aenean@Maurismolestiepharetra.edu
P002,Andrew Campbell,(926)247-3963,897-1094 Placerat. Ave,egestas@velquamdignissim.edu
P003,Mannix Dickson,(290)234-9774,4888 Tincidunt St.,torquent.per.conubia@ultriciesornare.ca
P004,Magee Scott,(504)308-2655,2588 Luctus Avenue,ligula.Aenean.gravida@enimnisl.org
P005,Palmer Mcmahon,(795)608-0191,P.O. Box 661, 9978 Ultrices Road urna.Nunc@arcu.com
P006,Nolan Mullins,(891)947-8053,2522 Ut Road,Etiam.imperdiet@diamluctuslobortis.com
P007,Jordan Harper,(809)474-7135,P.O. Box 911, 9508 Pharetra St.massa.Suspendisse.eleifend@Suspendisse.org
P008,Moses Leon,(556)520-3269,8750 Venenatis Ave,Fusce@vitaesodales.com
P009,Tanner Long,(441)812-7296,415-7515 Ut Rd.,nonummy.Fusce.fermentum@acmattis.com
P010,Kenyon Cotton,(708)742-7709, P.O. Box 770 4467 Duis St.,ut.nisi.a@pedenecante.edu
P011,Marvin Reese,(526)300-0391,Ap #321-7396 Non St.,elit@Aliquam.ca
P012,Jamal Estrada,(230)362-8293,Ap #659-6529 Dapibus St.,ipsum.Phasellus.vitae@Proindolor.org
