T001,Hayden Clemons,(877)280-2647,Ap #892-2742 Nulla Rd.,nunc@nonarcuVivamus.edu,habitant
T002,Yuli Vincent,(329)608-5946,Ap #241-9727 Fermentum St.Curae,Donec.tincidunt@nunc.edu,lorem
T003,Vaughan Russell,(804)625-0919,6213 Diam St.,Quisque@ametultriciessem.com,tellus
T004,Colorado Moss,(884)531-5292,P.O. Box 156 8921 Per Avenue,eget.tincidunt@Fuscealiquetmagna.org,Mauris
T005,Lars Hogan,(409)148-2173,8894 Penatibus Rd.,metus@rhoncus.org,dui
T006,Gary Porter,(207)752-9791,652-8772 Adipiscing Rd.,adipiscing.non@dignissimmagnaa.com,facilisis
T007,Deacon Harmon,(311)301-8673,P.O. Box 509 4552 Amet Road,quam@tincidunt.edu,Cum
T008,Addison Salazar,(451)725-2119,7019 Tristique Road,magna.a.neque@egestas.ca,Aenean
T009,Ian Mcleod,(157)411-3133,Ap #139-6362 Phasellus Av.,pellentesque@eu.org,porttitor
T010,Amos Gregory,(250)731-8874,4068 Velit Avenue,mi.lacinia@urnasuscipitnonummy.ca,enim
